<?xml version="1.0" encoding="UTF-8"?>
<project-private xmlns="http://www.netbeans.org/ns/project-private/1">
    <editor-bookmarks xmlns="http://www.netbeans.org/ns/editor-bookmarks/2" lastBookmarkId="0"/>
    <open-files xmlns="http://www.netbeans.org/ns/projectui-open-files/2">
        <group>
            <file>file:/C:/wamp/www/SmartJobsEmp/application/views/edit.php</file>
            <file>file:/C:/wamp/www/SmartJobsEmp/application/views/show_detail.php</file>
            <file>file:/C:/wamp/www/SmartJobsEmp/application/views/jobseekerslogin.php</file>
            <file>file:/C:/wamp/www/SmartJobsEmp/application/views/usercontactenquery.php</file>
            <file>file:/C:/wamp/www/SmartJobsEmp/application/models/dbmodel.php</file>
            <file>file:/C:/wamp/www/SmartJobsEmp/application/views/usershowdetail.php</file>
            <file>file:/C:/wamp/www/SmartJobsEmp/application/controllers/Welcome.php</file>
        </group>
    </open-files>
</project-private>
